,frame_number,pedestrian_ID,pos_x,pos_y,v_x,v_y,Constant_speed,Speed_as_magnitude,euclidean_distance_1_destination,euclidean_distance_2_destination,euclidean_distance_3_destination,euclidean_distance_4_destination,euclidean_distance_with_obstacles,euclidean_distance_neighbor,euclidean_distance_neighbor_group
0,780.0,1.0,8.46,3.59,1.6717144,0.17629183,12,9,28.547123225622236,15.453888557897152,17.14392014120922,6.938212251103675,5.90514403526717,0.0,100.0
1,810.0,1.0,11.73,4.32,1.644127,0.54439117,19,12,31.76897373958945,18.80964421486184,19.78321209986013,3.59776977271265,2.549283168177926,0.0,100.0
2,810.0,2.0,12.09,5.75,-1.5890517,-0.065971055,16,13,32.087940662651185,19.524407531336216,19.620512728491644,3.025125700589283,2.218884541723835,0.0,0.0
3,840.0,2.0,9.57,6.24,-1.207725,0.11543663,8,11,29.573746928257197,17.299866157413465,17.08116120253988,5.576443803359815,4.652294824590304,0.0,2.4235229620439447
4,840.0,3.0,11.94,6.77,-1.0282507,0.30748215,13,13,31.94928017035081,19.701187693887423,19.182262134254906,3.3905765390753944,2.3217479533481566,0.0,2.4235229620439447
5,870.0,2.0,7.17,6.62,-1.1264929,0.11639996,1,9,27.17771595479339,15.23737256919574,14.69277339768532,8.009277851918387,7.059606178080106,9.549611987716691,1.1515766264498637
6,870.0,3.0,9.36,6.85,-1.1194272,-0.080308213,6,11,29.37331615027341,17.330350428590265,16.6837799785474,5.89256865835628,4.890355817494941,9.549611987716691,1.1515766264498637
7,870.0,4.0,0.76,5.0,1.5928686,-0.10901602,11,5,20.776350113828567,8.850328123170918,10.034430231869592,14.35984364266761,5.803766555349666,9.549611987716691,0.7875422168221898
8,870.0,5.0,0.6,4.23,1.602723,-0.094307912,9,4,20.659707323388023,8.303614168858706,10.464608123075868,14.57345702200895,5.017965924736214,9.549611987716691,0.0
9,870.0,6.0,10.0,5.89,-1.3445754,0.11811796,10,11,29.99820191876269,17.582851889303168,17.597992600952782,5.119577551494319,4.249236807679351,9.549611987716691,1.1515766264498637
10,900.0,2.0,5.24,6.98,-0.72783342,0.15030687,4,8,25.26455513711428,13.703313724939637,12.766470466648444,9.96882509605509,8.20166520996255,4.268112554737972,0.8143179160486769
11,900.0,3.0,6.96,6.84,-1.0711806,0.22093364,0,9,26.98051386920871,15.149772847131931,14.424213887759995,8.242798202380113,7.274882419941228,4.268112554737972,0.8143179160486769
12,900.0,4.0,3.8,4.77,1.6486539,-0.10587078,2,6,23.82169379297399,11.400922478723194,12.553778458772756,11.338719984955782,7.057237853363303,4.268112554737972,0.7498894049674331
13,900.0,5.0,3.7,4.02,1.4881992,0.022220011,0,5,23.77021284911116,11.024109205641004,12.911403093157732,11.51179078719668,6.442128482371308,4.268112554737972,0.0
14,900.0,6.0,7.4,6.15,-1.2866845,0.065620968,3,9,27.401634547350003,15.255568466765022,15.081704601849712,7.729093724322969,6.825163342345748,4.268112554737972,0.8143179160486769
15,930.0,2.0,4.2,7.3,-0.52900033,-0.071223762,8,8,24.24395458032024,12.993381848777569,11.68441315736596,11.043918977793986,7.245902203532986,5.633205113797669,0.9377615928178382
16,930.0,3.0,5.06,7.04,-0.64067864,-0.22557352,5,8,25.088327668279785,13.576546934033583,12.580804648631892,10.153493884825352,8.036019596362337,5.633205113797669,0.9377615928178382
17,930.0,4.0,6.97,4.67,1.7026138,0.30991853,6,8,26.99946306609072,14.322488024771594,15.325733977605177,8.183554817040196,7.246333207309158,5.633205113797669,0.6602321865866362
18,930.0,5.0,6.76,4.04,1.5970782,0.12046948,7,7,26.82508432937521,13.932727151449871,15.44852682958592,8.48198799747262,7.501105321878073,5.633205113797669,0.0
19,930.0,6.0,4.96,6.1,-1.1511256,-0.049543226,3,7,24.95747776492756,13.02994140873025,12.87391733313584,10.16515080928791,8.644879585869234,5.633205113797669,0.9377615928178382
20,930.0,7.0,12.09,5.87,-1.9839682,0.3950164,16,13,32.09196503540562,19.56253486140764,19.588632441624508,3.0303044837426416,2.185888082090492,5.633205113797669,100.0
21,960.0,2.0,2.82,8.0,-1.1385968,0.136249,13,8,22.924760455655942,12.31332615353069,10.144706173328728,12.52230282636224,5.827378546650857,12.196702399978308,1.2054152336359614
22,960.0,3.0,3.76,6.99,-0.89273169,-0.10831756,8,7,23.78371674873189,12.448192685803736,11.409100603589422,11.43882191848776,7.2012663963052965,12.196702399978308,1.2054152336359614
23,960.0,4.0,10.12,5.13,1.4069528,0.1949018,13,11,30.133287342504715,17.464944063713528,17.989421134738514,5.001751368658597,4.098310569116508,12.196702399978308,0.8608746256236153
24,960.0,5.0,9.93,4.29,1.4186324,0.21324545,14,10,29.968547638654517,17.049833954959276,18.1407514198002,5.334066590036899,4.330369003979883,12.196702399978308,0.0
25,960.0,6.0,2.71,6.39,-0.90010956,0.15539347,9,6,22.715226621156543,11.246291203434756,10.762135881351746,12.425614238146236,7.124683695245179,12.196702399978308,1.2054152336359614
26,960.0,7.0,8.15,5.86,-1.9025774,-0.16288779,6,10,28.150583812564104,15.840285471363842,15.884067177162436,6.962977557151643,6.091549907116861,12.196702399978308,100.0
27,960.0,8.0,-1.67,0.53,1.0897829,0.68558783,5,1,19.084723443379588,4.9378840168106,12.34502481975952,17.521063628005574,1.42779165026584,12.196702399978308,100.0
28,990.0,2.0,0.54,7.4,-1.078292,-0.66278431,18,7,20.59742016705155,10.2313845281414,8.381778592818636,14.683476353520494,5.392239788279984,5.400590804422332,1.3297600075022602
29,990.0,3.0,1.78,7.15,-1.1465513,-0.37391528,14,7,21.8197584654805,10.966239514733784,9.579459701747146,13.419422221038376,6.033298899404665,5.400590804422332,1.3297600075022602
30,990.0,6.0,0.9,6.12,-0.96975991,-0.18045707,13,6,20.89952641698173,9.631693732761605,9.409654595293524,14.220289706235908,6.7209476194919295,5.400590804422332,1.3297600075022602
31,990.0,7.0,4.31,5.44,-1.9451302,-0.29854265,2,6,24.31568035207555,12.156857225649876,12.62394656858408,10.795680551474335,7.907729894144316,5.400590804422332,100.0
32,990.0,8.0,0.82,1.83,1.1950278,0.47062977,2,2,21.205215908713445,7.618763041761346,12.452254869017931,14.76609162652573,2.9164631745328915,5.400590804422332,100.0
33,1020.0,2.0,-1.52,6.05,-0.98772962,-0.5336746,19,6,18.47907062390409,7.843436630271862,7.691458116965399,16.636223195430436,6.657392821781381,5.823419081389752,0.8684841493238129
34,1020.0,3.0,-0.72,6.66,-1.0962914,-0.51230205,19,6,19.29612792911657,8.827615070680938,7.821200826204643,15.865449797387967,5.996961179776846,5.823419081389752,0.8684841493238129
35,1020.0,6.0,-0.75,5.65,-0.70704269,-0.54598452,16,5,19.2483254245482,8.077253204302306,8.505696074574596,15.860186226644949,6.243498712916935,5.823419081389752,0.8684841493238129
36,1020.0,7.0,0.7,4.91,-1.6747941,-0.28487197,11,4,20.722046571866628,8.75244088690186,10.053502555099646,14.421821231940054,5.702470357309705,5.823419081389752,100.0
37,1020.0,8.0,3.67,2.83,1.4461609,0.10522019,2,4,23.859781229534093,10.623343472219926,13.644409433159852,11.762658973863884,5.623543838575225,5.823419081389752,100.0
38,1050.0,8.0,6.5,3.24,1.4153535,0.51312939,8,7,26.627014135927936,13.46741098636214,15.647528767274622,8.918156154593845,7.893286538018146,1.5500551756909946,100.0
39,1050.0,9.0,12.83,4.68,0.0,0.0,21,13,32.85514516523635,19.963780918570087,20.67999941553236,2.4412951182126337,1.3990353518669238,1.5500551756909946,100.0
40,1050.0,10.0,12.78,5.29,0.0,0.0,19,13,32.785459532522445,20.064311574059243,20.422506693134952,2.342260696269661,1.490550578430604,1.5500551756909946,100.0
41,1050.0,11.0,12.51,6.19,-1.9724311,0.013330086,16,13,32.516532936335565,20.06348499300269,19.89654518736457,2.667065333235388,1.7152854614782949,1.5500551756909946,0.865831916910096
42,1050.0,12.0,12.09,6.95,-1.0394897,-0.027555385,13,13,32.11209301026103,19.91141878543845,19.286493386827217,3.315930530305484,2.208785855665514,1.5500551756909946,0.865831916910096
43,1080.0,8.0,9.23,4.15,1.3003819,0.3756218,13,10,29.28051577958861,16.338839956502884,17.57263363129768,6.045426657214633,5.040901044863678,2.3761622124659856,100.0
44,1080.0,9.0,12.83,4.64,-0.0032021055,-0.096476361,21,13,32.85527535612996,19.953660072274072,20.692250028391616,2.456810918723668,1.4068001115231,2.3761622124659856,100.0
45,1080.0,10.0,12.78,5.29,-0.0016084438,-0.048060593,19,13,32.785459532522445,20.064311574059243,20.422506693134952,2.342260696269661,1.490550578430604,2.3761622124659856,100.0
46,1080.0,11.0,10.29,6.12,-0.72667562,0.33616417,10,11,30.28767720329025,17.929577928099256,17.79585801594428,4.852261227713351,3.942767475710272,2.3761622124659856,1.0550392037795036
47,1080.0,12.0,10.07,6.73,-0.95891155,-0.28925538,8,12,30.08718223780756,17.946798570109006,17.406345549360687,5.164725223975273,4.163679007408377,2.3761622124659856,1.0550392037795036
48,1080.0,13.0,11.34,6.14,-1.1845845,-0.62752011,13,12,31.34263966224029,18.93287779409236,18.79046510895593,3.8095012488894127,2.8888778179208634,2.3761622124659856,1.0550392037795036
49,1080.0,14.0,12.54,7.0,-0.99481319,0.68809147,14,14,32.56249011562186,20.34918295750533,19.709483897913582,2.9362065944241533,1.796059823373252,2.3761622124659856,0.0
50,1110.0,8.0,11.59,4.68,0.97142476,0.36004334,18,12,31.614186354699875,18.75861660654247,19.519460043739013,3.625116451146258,2.6324738882619427,1.991383222263612,100.0
51,1110.0,11.0,8.87,5.99,-1.0921783,-0.19870612,7,10,28.86577317312419,16.552964779541135,16.502161131893608,6.256242551716684,5.369100332773932,1.991383222263612,0.7880105250698372
52,1110.0,12.0,8.21,6.23,-1.1117869,-0.19658218,5,10,28.21366885620656,16.0336029391217,15.806220552075803,6.927823991296789,6.012190012064444,1.991383222263612,0.7880105250698372
53,1110.0,13.0,8.99,5.21,-1.0438591,-0.31529323,9,10,29.00018965747508,16.411884293457767,16.912008009819882,6.1241886531902665,5.232802259797564,1.991383222263612,0.7880105250698372
54,1110.0,14.0,10.58,7.56,-0.83354823,-0.086494117,7,13,30.63149587390764,18.73825509692798,17.672427383780093,4.943093878182781,3.830995827338651,1.991383222263612,1.0554201264038134
55,1110.0,15.0,11.25,6.81,-1.0042545,0.16160766,11,13,31.26673714710609,19.074663004988867,18.511683025795875,4.050844102128345,3.0039053197904573,1.991383222263612,1.0554201264038134
56,1110.0,16.0,11.21,5.8,-1.1427134,0.35001605,14,12,31.212238525252243,18.70169661787596,18.7765111085535,3.9017310952444015,3.062184185244748,1.991383222263612,1.0554201264038134
57,1110.0,17.0,12.14,7.06,-1.2445575,0.51606384,13,14,32.15766803570866,19.989551266262584,19.298363152088108,3.3272438640771798,2.202038458183374,1.991383222263612,1.0554201264038134
58,1110.0,18.0,12.81,6.25,-0.63561568,0.32408071,17,14,32.81508325243907,20.36544687639933,20.1655134959068,2.3949948646863435,1.4133232312980246,1.991383222263612,1.0554201264038134
59,1140.0,11.0,6.43,5.23,-1.1726006,-0.21704332,3,8,26.441825192886363,14.011901192038586,14.586441065898576,8.679152536146084,7.788932922281308,4.428186297896804,0.6941006295992032
60,1140.0,12.0,5.98,5.8,-1.1823238,-0.15631409,0,8,25.97887393082491,13.815297287031123,13.925530606540097,9.131356381833877,8.262128461166883,4.428186297896804,0.6941006295992032
61,1140.0,13.0,6.84,4.67,-1.1152322,-0.38556707,5,8,26.86861653375528,14.200017336314469,15.208462294108251,8.313124918845128,7.376938488123746,4.428186297896804,0.6941006295992032
62,1140.0,14.0,8.35,7.32,-0.92808823,0.1655315,2,11,28.387845288813548,16.60842980855129,15.583665234378572,6.98104251313352,5.950028367977783,4.428186297896804,1.013503197241968
63,1140.0,15.0,8.86,6.64,-1.137432,-0.084339043,5,11,28.866195155372576,16.786869446560022,16.27323570716292,6.343267160187375,5.373814775438565,4.428186297896804,1.013503197241968
64,1140.0,16.0,8.85,5.63,-1.0450221,-0.25620586,8,10,28.848769425864383,16.409375694528368,16.619182433347255,6.259613826262245,5.418137255928802,4.428186297896804,1.013503197241968
65,1140.0,17.0,9.59,7.47,-1.1538472,0.082604314,5,12,29.631698287899777,17.793521327062535,16.729895370576163,5.840305346091812,4.766842718696961,4.428186297896804,1.013503197241968
66,1140.0,18.0,10.31,6.71,-1.275077,0.22788627,9,12,30.32407858520404,18.16210846452572,17.637574714739735,4.930257096684387,3.9259094919002258,4.428186297896804,1.013503197241968
67,1140.0,20.0,11.12,7.33,-1.3819424,0.43801129,9,13,31.153222520255294,19.139296087251097,18.24806280236989,4.3596468514054205,3.2505767294291013,4.428186297896804,1.013503197241968
68,1170.0,11.0,4.26,4.71,-1.0697851,-0.23939359,1,6,24.291348378760475,11.80538215227256,12.973956503201808,10.876915629493562,7.327608216698971,6.022214358628568,0.8956870386192098
69,1170.0,12.0,3.76,5.6,-1.0233382,-0.23044298,4,6,23.759150421091142,11.733626457648974,12.069642143535706,11.349480152242394,7.684526936116613,6.022214358628568,0.8956870386192098
70,1170.0,13.0,4.68,3.91,-1.0051307,-0.30528508,2,6,24.755738254341853,11.908647590224003,13.76501091599016,10.557778570489056,7.090794843245971,6.022214358628568,0.8956870386192098
71,1170.0,14.0,6.02,7.19,-1.1780559,-0.18556677,3,9,26.050182416713195,14.478509821696225,13.414786623973246,9.234240161333352,8.247384407374307,6.022214358628568,0.7023096270473941
72,1170.0,15.0,6.55,6.4,-1.1668594,-0.24990436,0,9,26.5509404692308,14.583913604751473,14.195099400787884,8.60253635871552,7.676777529632146,6.022214358628568,0.7023096270473941
73,1170.0,16.0,6.62,5.39,-0.99475445,-0.06441913,3,8,26.623882788501245,14.243794046821716,14.680112472902543,8.489091457112252,7.612585371113248,6.022214358628568,0.7023096270473941
74,1170.0,17.0,6.77,7.97,-1.1376059,0.087735334,3,10,26.848316112517026,15.51712752736091,13.880371895892903,8.680120388927133,7.627768213897604,6.022214358628568,0.7023096270473941
75,1170.0,18.0,7.82,6.82,-1.2129994,0.17657564,2,10,27.836808263149496,15.91662710796146,15.234121333048154,7.395123392355405,6.418947929860943,6.022214358628568,0.7023096270473941
76,1170.0,20.0,7.98,7.51,-1.520738,0.10802766,1,10,28.031041639544863,16.363033385277955,15.17725675568318,7.384754343109573,6.344552301258096,6.022214358628568,0.7023096270473941
77,1170.0,21.0,9.65,4.34,-1.2442345,-0.62430565,13,10,29.68595413482345,16.79046017383168,17.865918809523023,5.596053112286655,4.602241856020591,6.022214358628568,100.0
78,1200.0,11.0,2.16,4.19,-1.0672611,-0.19931634,5,4,22.220182201159645,9.671572215111258,11.612593083107033,13.022386565164132,5.622002346734773,5.448363773294088,0.8855756372477732
79,1200.0,12.0,1.57,5.06,-1.0808219,-0.18797915,9,5,21.589000560027262,9.571238480593498,10.603109864220572,13.542287060066698,6.130999979439428,5.448363773294088,0.8855756372477732
80,1200.0,13.0,2.59,3.42,-1.0600187,-0.26492224,2,4,22.72580368571451,9.77853786502953,12.453108327968664,12.694958103900458,5.253613232514196,5.448363773294088,0.8855756372477732
81,1200.0,14.0,3.66,6.99,-1.0690626,-0.044784222,8,7,23.689854116786144,12.37313071993638,11.32156033231433,11.53303486443729,7.13906780947987,5.448363773294088,0.7651756381166682
82,1200.0,15.0,4.16,6.01,-1.2830224,0.060408731,4,7,24.16287416245357,12.28784890933955,12.212374556402915,10.953937431182736,8.222223892867317,5.448363773294088,0.7651756381166682
83,1200.0,16.0,4.16,5.19,-1.2828933,0.1006725,2,6,24.1642587506891,11.90453897315987,12.621572516806586,10.958572314879472,7.612286749628194,5.448363773294088,0.7651756381166682
84,1200.0,17.0,3.5,8.04,-2.0809193,-0.22327417,11,8,23.59850553984253,12.85868348203227,10.756666121693389,11.870530266046089,6.227657114539968,5.448363773294088,0.7651756381166682
85,1200.0,18.0,4.87,6.92,-1.2725951,-0.18954689,5,8,24.89288491477108,13.353541004344768,12.45086539909075,10.326098032134125,7.984019115558845,5.448363773294088,0.7651756381166682
86,1200.0,20.0,4.87,7.68,-1.4939852,-0.10664523,7,9,24.94004837632429,13.764261735180352,12.169672646666598,10.451241964509784,7.455345868556899,5.448363773294088,0.7651756381166682
87,1200.0,21.0,6.83,3.62,-1.4962927,-0.29256102,8,7,26.921119926534868,13.879762265594266,15.722326917658403,8.505945148339201,7.497806943300095,5.448363773294088,100.0
88,1230.0,11.0,0.01,3.41,-0.95633474,-0.50760566,8,3,20.160247663875637,7.400122413282455,10.707635711355984,15.249178426536073,4.084666078903465,11.615828344021237,0.8338360433168246
89,1230.0,12.0,-0.65,4.3,-0.97895048,-0.61414631,13,4,19.40903544185187,7.293886590490978,9.59475605833524,15.810969883202237,4.899775138040326,11.615828344021237,0.8338360433168246
90,1230.0,13.0,0.53,2.76,-0.93602407,-0.39850573,5,2,20.76384704836569,7.6135225617899165,11.541402267190085,14.843830892634864,3.6050591855124505,11.615828344021237,0.8338360433168246
91,1230.0,14.0,1.19,6.6,-1.2790291,-0.21152339,14,6,21.20185306121145,10.161370140281353,9.363794807840137,13.957085484503146,6.335405341899603,11.615828344021237,1.192313162837147
92,1230.0,15.0,1.53,5.83,-1.2705431,-0.22405535,11,6,21.531805040383148,9.956858744110049,10.095094991792196,13.577863977843023,6.828119729327395,11.615828344021237,1.192313162837147
93,1230.0,16.0,1.66,4.83,-1.3312636,-0.23803982,8,5,21.681626964205574,9.526351906230024,10.813624530255698,13.469680345180643,5.955446796620053,11.615828344021237,1.192313162837147
94,1230.0,17.0,0.53,7.31,-1.3881684,-0.53352813,17,7,20.583749323246447,10.162348671915003,8.423770139941379,14.6796433556486,5.477879708369503,11.615828344021237,1.192313162837147
95,1230.0,18.0,2.19,6.64,-1.2420772,-0.15283803,11,6,22.202540503917746,10.966965967764052,10.188241387141533,12.96286497029242,6.667534669536591,11.615828344021237,1.192313162837147
96,1230.0,20.0,1.93,7.8,-1.5535216,-0.1143453,15,8,22.01577307625266,11.508474241487493,9.408450862595704,13.365995568289271,5.512078507070437,11.615828344021237,1.192313162837147
97,1230.0,21.0,3.92,3.09,-1.4385807,-0.2628155,2,4,24.08156953150457,10.940119822155047,13.666333377342472,11.454664866107503,5.9867389547056575,11.615828344021237,100.0
98,1230.0,22.0,10.95,4.94,-1.4762821,-0.29199063,15,12,30.95875904330043,18.199910991641545,18.8221860706532,4.209022956879423,3.2711710033650654,11.615828344021237,100.0
99,1260.0,22.0,7.86,4.39,-1.5555947,-0.21573493,9,9,27.901819293034418,15.086331114009552,16.242423033791432,7.338879653112864,6.372715325674274,0.0,100.0
100,1290.0,22.0,4.67,3.78,-1.4711704,-0.29867377,2,6,24.758061918987615,11.859316688355962,13.834008133638788,10.587106223885762,7.002183327433015,5.48721629998164,100.0
101,1290.0,23.0,8.41,5.24,-1.5765999,-0.14139194,8,9,28.41961943749841,15.869525142510062,16.37081375370998,6.702347029727798,5.813341521445612,5.48721629998164,100.0
102,1290.0,24.0,10.07,4.77,-1.562226,-0.24809105,13,11,30.08856080516888,17.310767958645012,18.07584464592989,5.100660418791991,4.148869568472458,5.48721629998164,100.0
103,1290.0,25.0,10.86,6.56,-2.5070645,0.54293046,11,12,30.863101121261263,18.61523973773604,18.20113230348684,4.3669648300934,3.372984156893927,5.48721629998164,100.0
104,1320.0,22.0,1.81,2.84,-1.4958675,-0.7271539,2,3,22.01705786279395,8.846915456525045,12.305771121851292,13.57356955421308,4.311337799371463,5.231325945624589,100.0
105,1320.0,23.0,5.45,5.18,-1.3034345,-0.0033306919,0,7,25.45561894407794,13.0803004107563,13.737137933131857,9.667937994689714,8.505283239939073,5.231325945624589,100.0
106,1320.0,24.0,6.82,4.33,-1.7957923,0.15247814,6,8,26.866903356198087,14.076764385908763,15.354152003472365,8.374517659217863,7.413358218099807,5.231325945624589,100.0
107,1320.0,25.0,6.48,7.57,-1.9913839,0.65830698,2,9,26.536188666251707,15.073096733466034,13.725357941752192,8.856756334410797,7.8358383765790895,5.231325945624589,100.0
108,1350.0,22.0,-0.91,1.87,-1.4560565,-0.53911547,7,2,19.50177505598264,5.960451418757108,11.480408013180655,16.437629803522956,2.4688704616336947,10.468453082603316,100.0
109,1350.0,23.0,2.59,5.42,-1.5235708,0.058911366,7,6,22.59523566861916,10.631005745093937,11.187700570876071,12.516855158006155,6.905870842007943,10.468453082603316,100.0
110,1350.0,24.0,3.53,4.38,-1.6126086,-0.013116706,2,5,23.57899068751617,11.003299485399449,12.563918048391717,11.635310312894074,6.5913802671702,10.468453082603316,100.0
111,1350.0,25.0,2.68,8.71,-1.9369035,0.86231168,15,9,22.860000967111976,12.675286780097604,9.761948100685943,12.817022352719077,5.186646281038399,10.468453082603316,100.0
112,1350.0,26.0,-2.97,-0.87,0.86386761,0.95358787,5,3,18.313157059401792,3.742399135103815,13.231978343620089,19.184707216410875,2.190475847799799,10.468453082603316,100.0
113,1350.0,27.0,9.21,4.56,-1.5563394,-0.3586313,12,10,29.23756393834753,16.424456129807254,17.377169339556126,5.9844841878819945,5.018758690229139,10.468453082603316,100.0
114,1380.0,27.0,5.8,4.23,-1.6925438,-0.06337751,4,7,25.84736438619088,13.069008715762749,14.520383452936963,9.40567225766244,8.16909430146863,0.0,100.0
115,1470.0,28.0,7.93,4.1,-1.3817072,-0.019170291,10,8,27.988621994197675,15.07252310128744,16.440916899996,7.3228438245296035,6.333028780559959,3.665913866992165,1.2512391107631862
116,1470.0,29.0,7.83,5.34,-1.4941364,-0.096031154,6,9,27.8323212186234,15.353476485899437,15.793389714988145,7.282979547846521,6.404270956975017,3.665913866992165,1.2512391107631862
117,1470.0,30.0,4.4,3.13,0.88856151,0.20849359,3,5,24.54793950538186,11.40666133136344,14.008430990295611,10.983741867871744,6.389430212016607,3.665913866992165,100.0
118,1500.0,28.0,4.87,4.04,-1.4506074,-0.13141687,2,6,24.93877812088928,12.132291808054026,13.851453810120118,10.34773096991242,7.320063716624317,1.9731369511849124,1.1226607854597035
119,1500.0,29.0,4.94,5.16,-1.3829229,-0.056401174,0,7,24.95259567033819,12.608411488414523,13.311297746163415,10.172359693910074,8.125752140217479,1.9731369511849124,1.1226607854597035
120,1500.0,30.0,6.78,3.53,1.1575418,0.087307843,8,7,26.87985419263972,13.811531160388965,15.725318809699385,8.5727312689392,7.560309200272974,1.9731369511849124,100.0
121,1500.0,31.0,9.98,5.5,-1.7264965,-0.4743427,11,11,29.98279268434966,17.437911792628334,17.721039524793866,5.127027908920085,4.278065134485546,1.9731369511849124,100.0
122,1530.0,28.0,2.03,3.74,-1.36968,-0.032358342,4,4,22.12684784018332,9.368218105554934,11.816517288969544,13.20773304078155,5.173970776823438,11.346995981266971,1.1259314326744276
123,1530.0,29.0,2.16,4.86,-1.4231121,-0.010051124,7,5,22.17951018767431,9.976084099766965,11.179685818690055,12.969093250883542,6.203403418881743,11.346995981266971,1.1259314326744276
124,1530.0,30.0,9.18,4.03,1.0924584,0.28104958,13,10,29.241225083620492,16.263619211375232,17.58447716251908,6.120268764259558,5.10632246987605,11.346995981266971,100.0
125,1530.0,31.0,6.46,4.94,-1.7167232,-0.099111872,4,8,26.47771734283185,13.93094512649685,14.747602885159186,8.668407692212563,7.75441807185113,11.346995981266971,100.0
126,1530.0,33.0,13.1,6.2,-1.4569251,0.46637359,18,14,33.10594988071444,20.62701834782596,20.46074430040389,2.100270559784765,1.129377032705748,11.346995981266971,100.0
127,1560.0,28.0,-0.72,3.51,-1.4692047,-0.036845429,11,3,19.4227439796866,6.808184961292155,10.19129781258656,15.958998427474253,4.108395600124377,11.5051665873643,1.4009977003530782
128,1560.0,29.0,-0.81,4.91,-1.4582777,0.046534542,15,4,19.20834200278592,7.538267852951258,9.019542462450016,15.935632015679271,5.505496754445338,11.5051665873643,1.4009977003530782
129,1560.0,30.0,11.47,4.53,1.2162439,0.35561383,18,12,31.499371051523788,18.603918837381663,19.464422769236712,3.781925794838185,2.769290899234172,11.5051665873643,100.0
130,1560.0,31.0,3.3,5.22,-1.551586,0.11272963,5,6,23.31164870204617,11.156007143059758,11.889423926519171,11.80921126293446,7.113811888465262,11.5051665873643,100.0
131,1560.0,33.0,10.51,6.7,-1.1746437,0.12134488,10,12,30.52030167742065,18.34086285218059,17.829224685099618,4.736312722561824,3.7289833708185145,11.5051665873643,0.8732923483659752
132,1560.0,34.0,10.55,5.83,-1.1289201,0.055049143,12,12,30.550662611998995,18.08348263587218,18.140903482689826,4.564038723087212,3.7095863107128113,11.5051665873643,0.0
133,1590.0,33.0,7.96,7.14,-1.2537289,0.23475295,2,10,27.99296101930764,16.18307633572353,15.268193732924384,7.315689967387638,6.307460445230327,0.0,0.9405816178622508
134,1590.0,34.0,7.96,6.2,-1.2588783,0.1681591,4,10,27.95907471887713,15.788477037566636,15.578921967823042,7.178471344031425,6.267025003709607,0.0,0.0
135,1620.0,33.0,5.36,7.44,-1.4481464,0.36214962,5,9,25.407883466186387,14.041061579525492,12.70995552309767,9.92714184555734,7.9817143650632305,0.0,1.0616689724157242
136,1620.0,34.0,5.2,6.39,-1.4585051,0.34475322,3,8,25.208310485911483,13.381566171678696,12.971374070305991,9.938696354525131,8.59695410120499,0.0,0.0
137,1650.0,33.0,2.85,8.3,-1.243094,0.36587763,14,8,22.976581064497957,12.526859222649374,10.053502469635688,12.56358079329259,5.602208370187055,0.0,1.088563126446238
138,1650.0,34.0,2.72,7.22,-1.3637647,0.4684376,11,7,22.76108698670182,11.743768637493565,10.372922440763531,12.49759059705355,6.410274997798559,0.0,0.0
139,1680.0,33.0,0.19,9.45,-1.1093838,0.54158544,24,9,20.50725660616173,11.575334995344807,7.1669013686785705,15.413317720468218,3.32569856640663,0.0,0.988557396062494
140,1680.0,34.0,0.01,8.48,-0.85284788,0.62495756,22,8,20.17805841566634,10.68902122432992,7.387402213955589,15.37759075050296,4.237005872931644,0.0,0.0
141,1770.0,35.0,4.73,3.26,1.1802103,0.31284592,3,5,24.866774121158127,11.763147951550112,14.193836265295484,10.629444779402236,6.736063065373696,0.0,100.0
142,1800.0,35.0,7.45,3.94,1.3613326,0.28446731,9,8,27.520900224892305,14.569180148279056,16.09653291012906,7.823700070293318,6.828592632808271,0.0,100.0
143,1800.0,36.0,12.14,6.1,-1.7808168,0.58477175,15,13,32.13876251877113,19.67560741879573,19.563317330013067,3.016582864218358,2.1004398726622493,0.0,100.0
144,1830.0,35.0,10.14,4.49,1.3120125,0.31098356,14,11,30.16773206855512,17.301280284751588,18.25091746854448,5.086359670220798,4.099563448951056,1.1793925014705666,100.0
145,1830.0,36.0,8.79,6.97,-1.5829894,0.30280189,4,11,28.81040900271666,16.856931200710967,16.10768135529345,6.471777538403538,5.466986966683894,1.1793925014705666,100.0
146,1830.0,37.0,10.66,5.55,-1.7576905,0.17984158,13,12,30.658402346571584,18.096605855067786,18.336543884601912,4.450398197659264,3.618444843055408,1.1793925014705666,100.0
147,1860.0,36.0,5.55,7.68,-1.6644284,0.37963003,5,9,25.6186159626964,14.333202726039929,12.812900372797236,9.784401934972273,7.979055663506735,0.0,100.0
148,1860.0,37.0,7.17,5.95,-1.7255461,0.082210406,3,9,27.174176472267494,14.970395834651692,14.949189466480666,7.942590826992594,7.059690949466421,0.0,100.0
149,1890.0,36.0,2.9,8.43,-1.1124626,0.57769786,14,8,23.047164945188385,12.65281031626236,10.063356619035549,12.535910986681747,5.541915306021204,0.0,100.0
150,1890.0,37.0,3.83,5.9,-1.6551353,-0.033496891,5,7,23.825386067768868,11.93778155868119,11.9742609971862,11.28673365739436,7.968645646292201,0.0,100.0
151,1920.0,36.0,-0.28,9.98,-1.3178981,0.62705107,27,9,20.143646773248268,11.752069455103468,6.549252848539256,16.011545331434245,2.703652037088076,0.0,100.0
152,1920.0,37.0,0.54,6.14,-1.7227146,0.13628176,14,6,20.54304242357258,9.367923045311018,9.119130979277404,14.577413035611851,6.629582195416258,0.0,100.0
153,1950.0,38.0,8.21,3.63,-2.0264952,-0.37935882,12,8,28.29388958520427,15.22087399754984,16.902714488351936,7.166076185868607,6.140032277569904,0.0,100.0
154,1980.0,38.0,4.39,3.0,-2.0134107,-0.25773298,3,5,24.55447459859618,11.363840166631189,14.084218862684144,11.021844473041275,6.306670876329411,7.63979805733203,100.0
155,1980.0,39.0,9.81,5.26,-2.0134526,-0.016989838,11,11,29.815620551716865,17.203606726608108,17.64770668588522,5.306163933819176,4.421755415388917,7.63979805733203,100.0
156,1980.0,40.0,-2.42,-0.46,0.52594018,1.2291004,5,2,18.676227897568584,4.199323604894243,12.999796925016616,18.5371253675832,1.636493328633154,7.63979805733203,100.0
157,2010.0,38.0,0.37,2.62,-1.8114872,-0.7484768,5,2,20.62060033007629,7.409524675755553,11.550133646561331,15.03358717348226,3.4172985514361662,1.342812005723651,100.0
158,2010.0,39.0,5.79,4.92,-2.035833,-0.24724526,2,7,25.80908757678239,13.298459007095357,14.169423430471015,9.337829020047408,8.424074983159738,1.342812005723651,100.0
159,2010.0,40.0,-0.1,1.36,1.4865214,0.4853365,3,1,20.40004752751243,6.616793738008432,12.330452913315652,15.779264715517556,2.074577996602211,1.342812005723651,100.0
160,2040.0,39.0,1.99,4.55,-1.871449,-0.11424564,6,4,22.02444035065589,9.67947777071518,11.244705696652726,13.160286361294032,5.850757979660994,0.0,100.0
161,2040.0,40.0,2.83,2.52,1.5759575,0.72606393,0,3,23.067350061428453,9.73031019368873,13.24143351473906,12.653829206917868,4.775288850482077,0.0,100.0
162,2070.0,40.0,5.84,3.5,1.5282391,0.13858086,6,6,25.95009508629574,12.900265510334997,14.955515911421058,9.49053162515068,7.800287380326346,0.0,100.0
163,2100.0,40.0,8.84,3.75,1.5102136,0.12528822,13,9,28.917322156990487,15.863321106572275,17.406289211516103,6.525840303045414,5.496773713428594,0.0,100.0
164,2130.0,40.0,11.88,4.16,1.4454288,0.50196363,20,12,31.923512751893053,18.916856192709957,19.98042006066288,3.521922983143208,2.4500894264533457,1.6684950986311005,100.0
165,2130.0,41.0,10.91,5.93,-1.5045617,0.12808254,13,12,30.907289520567677,18.453547888389835,18.44483235158789,4.215581880875412,3.342637893527062,1.6684950986311005,0.8947524263754805
166,2130.0,42.0,11.73,5.34,-1.4197689,0.25449195,16,12,31.735934596114856,19.06608044805013,19.41706494118069,3.382982034303033,2.524188144559189,1.6684950986311005,0.8947524263754805
167,2130.0,43.0,13.18,5.2,-1.5611569,0.16222222,21,14,33.18816206856847,20.427957895230968,20.83245972492626,1.9597619128494288,1.0791983510904566,1.6684950986311005,0.8947524263754805
168,2130.0,44.0,12.92,6.06,-1.6691538,-0.0057984966,18,14,32.91706114439929,20.405650109679996,20.320650468422286,2.2447563936238053,1.3403445727059318,1.6684950986311005,0.8947524263754805
169,2160.0,41.0,8.15,5.91,-1.3288841,-0.24357701,5,10,28.15270668608601,15.85723759737365,15.870585030768073,6.962769292033452,6.086287690697425,0.963638921175686,0.963638921175686
170,2160.0,42.0,9.25,5.45,-1.3804798,-0.040792314,10,10,29.253120062450357,16.729708303973773,17.059769675141187,5.858117724080131,4.996579071837394,0.963638921175686,0.963638921175686
171,2160.0,43.0,10.37,5.32,-1.4385904,-0.039235875,13,11,30.375991172993388,17.756442005268276,18.14907956436365,4.742360635209141,3.868308100549097,0.963638921175686,0.963638921175686
172,2160.0,44.0,10.01,6.21,-1.3452485,0.073116865,9,11,30.014304702408467,17.704107828719884,17.505739511556925,5.135961368929471,4.2123333866168,0.963638921175686,0.963638921175686
173,2190.0,41.0,5.47,5.61,-1.3617807,-0.047728216,0,7,25.473859433690155,13.276170653950592,13.55821501432505,9.634604585680217,8.772704203548633,4.009799355667405,1.1164686525947871
174,2190.0,42.0,6.74,5.18,-1.3236901,-0.1594846,4,8,26.74800878276204,14.276473160733492,14.882754578408353,8.376745161117965,7.482033213080629,4.009799355667405,1.1164686525947871
175,2190.0,43.0,7.68,4.89,-1.2936735,-0.21417421,7,9,27.69291446779297,15.061190848642854,15.848362874457363,7.461361015580106,6.539835225674978,4.009799355667405,1.1164686525947871
176,2190.0,44.0,7.35,6.11,-1.4120469,-0.23778773,3,9,27.356166385571058,15.198658570881916,15.054898030523193,7.77121672129929,6.871530484378112,4.009799355667405,1.1164686525947871
177,2190.0,45.0,11.22,5.05,-1.608789,-0.38284543,16,12,31.23189555736665,18.495065054575072,19.04028554293111,3.9202888051833575,2.998553425053696,4.009799355667405,100.0
178,2220.0,41.0,2.77,5.24,-1.2918152,-0.2274145,6,5,22.78128828904169,10.698251012602244,11.44241729772792,12.338486994977757,6.839128965975667,3.714618626313802,0.8928028219332862
179,2220.0,42.0,4.18,4.88,-1.295237,-0.066770681,1,6,24.20147573020541,11.80086718850498,12.808283955068832,10.94646502146236,7.4009522520353155,3.714618626313802,0.8928028219332862
180,2220.0,43.0,5.05,4.64,-1.326559,-0.12183712,1,6,25.077683608504127,12.505292531458185,13.670057818517932,10.101469311247069,7.8441066440361,3.714618626313802,0.8928028219332862
181,2220.0,44.0,4.56,5.69,-1.2666084,0.11095731,2,7,24.56160787224149,12.490615870748073,12.71619569684164,10.54687206625248,8.258421758823781,3.714618626313802,0.8928028219332862
182,2220.0,45.0,8.08,4.51,-1.6499912,-0.21116942,9,9,28.11389958669303,15.329396643533697,16.383120722871897,7.104944734875635,6.146592327455517,3.714618626313802,100.0
183,2220.0,46.0,10.12,5.01,-1.4104318,-0.29743315,13,11,30.131218072543653,17.42553021912216,18.029906127657668,5.018828813256982,4.098348016713275,3.714618626313802,100.0
184,2220.0,47.0,11.56,4.72,-1.7924697,-0.57586742,17,12,31.57592738404185,18.73299294289612,19.47031790656396,3.651184930700609,2.66620277346829,3.714618626313802,100.0
185,2250.0,41.0,0.11,4.65,-1.1523044,-0.59732143,11,4,20.147518075005827,8.120818296706288,9.823910116019356,15.023516749219734,5.32441820524977,5.297708965978529,1.047043187277435
186,2250.0,42.0,1.42,4.39,-1.4669719,-0.24440073,7,4,21.473215391879176,9.104945699747,10.935555635288642,13.734737525699938,5.454121347600678,5.297708965978529,1.047043187277435
187,2250.0,43.0,2.3,4.05,-1.5063221,-0.35884956,4,4,22.36874928881592,9.739684806552573,11.807321786383955,12.900305217210814,5.580675896575347,5.297708965978529,1.047043187277435
188,2250.0,44.0,1.8,5.37,-1.6110207,-0.66728291,9,5,21.802797320002128,9.922174775512154,10.58437148868002,13.311376432361955,6.499939488934247,5.297708965978529,1.047043187277435
189,2250.0,45.0,4.79,4.13,-1.6258107,-0.12587238,1,6,24.845832246367763,12.079805789177724,13.729703620133566,10.421043040525444,7.310044412948672,5.297708965978529,100.0
190,2250.0,46.0,7.3,4.36,-1.4227591,-0.32690393,7,8,27.344852550546587,14.543723641510642,15.760612416413982,7.895284562855813,6.932238291759746,5.297708965978529,100.0
191,2250.0,47.0,8.29,3.63,-1.4971065,-0.38946825,12,9,28.378086041912056,15.302526071970178,16.97714736712081,7.085305625938207,6.057822051240877,5.297708965978529,100.0
192,2250.0,48.0,-3.49,5.09,1.3415718,0.67528376,22,6,16.52457804396529,5.902254235480339,7.437018370596109,18.60646209190908,6.293803594420656,5.297708965978529,100.0
193,2280.0,41.0,-2.46,3.54,-1.2761631,-0.33778443,15,4,17.695545862080984,5.397971033810357,9.28340599263524,17.6809415350281,4.455134859968776,1.541895195974451,0.8427786815131542
194,2280.0,42.0,-1.25,3.61,-1.0661615,-0.68648946,12,3,18.887111363478542,6.414667817837849,9.813290784412905,16.469698158813767,4.233571225869494,1.541895195974451,0.8427786815131542
195,2280.0,43.0,-0.79,2.67,-1.3230692,-0.64041212,9,2,19.472874793401516,6.359066780074166,10.854443182532064,16.158039545875464,3.266119737982801,1.541895195974451,0.8427786815131542
196,2280.0,44.0,-1.23,4.46,-1.4264133,-0.19497292,14,4,18.82385476370489,6.930559852238496,9.126672382626204,16.37304595382982,5.070512806250232,1.541895195974451,0.8427786815131542
197,2280.0,45.0,1.72,3.61,-1.5188953,-0.20277853,4,4,21.832170339102237,9.032817458526388,11.685596230131402,13.532117683321887,4.900010694226531,1.541895195974451,100.0
198,2280.0,46.0,4.32,4.14,-1.4139132,-0.13174088,0,5,24.38142450258551,11.646957682308184,13.342041219862972,10.880142938972334,6.969220135270061,1.541895195974451,100.0
199,2280.0,47.0,4.52,2.82,-1.7034785,-0.20712034,4,5,24.703693314078222,11.444763817141176,14.295660804991549,10.93923564613446,6.315880027568789,1.541895195974451,100.0
200,2280.0,48.0,-0.43,5.77,1.5150566,-0.004952565,16,5,19.575082339491512,8.401326143590381,8.644232646252071,15.533647310093537,6.378606971115353,1.541895195974451,100.0
201,2280.0,49.0,10.36,5.96,-2.07449,0.10811807,11,11,30.358938112433748,17.943539076214588,17.917230981869206,4.764426581334954,3.8841448990313214,1.541895195974451,100.0
202,2310.0,48.0,2.65,5.56,1.4665962,0.050568747,7,6,22.65125585423254,10.747302526862594,11.16099170902247,12.45792341775263,7.048087635135257,0.0,100.0
203,2310.0,49.0,6.67,6.23,-1.9607294,0.1032846,1,9,26.669680028871728,14.619656877039956,14.37474216596147,8.46602731796995,7.556040943313415,0.0,100.0
204,2340.0,48.0,5.92,5.51,1.5724119,0.092337709,1,8,25.91910501766452,13.63914560259956,14.000564183751184,9.190624820769964,8.32189811082632,0.0,100.0
205,2370.0,48.0,9.1,5.7,1.5901475,0.0272598,8,10,29.09864455071641,16.668527769142404,16.825803864022696,6.010393622323984,5.166380430872629,0.0,100.0
206,2880.0,50.0,5.34,7.82,-1.6122013,0.43297447,6,9,25.412844654215544,14.226660288594458,12.561765617492837,10.02719228992873,7.721181375100894,2.974585348201533,100.0
207,2880.0,51.0,7.05,8.44,0.0,0.0,3,10,27.174477432033346,16.00550863261951,14.03289502223458,8.55168174043511,7.465219031009758,2.974585348201533,100.0
208,2880.0,52.0,8.09,8.84,0.0,0.0,1,11,28.2505882800764,17.102903901319518,14.958923484715845,7.738659394998417,6.610305581863235,2.974585348201533,100.0
209,2880.0,53.0,7.16,6.58,1.8899846,-0.0055638746,1,9,27.17433558218733,15.217640514199893,14.705459958821775,8.006212140094265,7.060479877203533,2.974585348201533,0.5857009871735572
210,2880.0,54.0,7.22,5.99,1.8904972,0.0094712631,3,9,27.21969080026749,15.02755466619341,14.97538542883329,7.899320048474761,7.012253044094864,2.974585348201533,0.5857009871735572
211,2880.0,55.0,4.27,4.14,1.7155311,0.23115398,0,5,24.33467462677414,11.603521226469791,13.303290339497249,10.926386782378993,6.93570877194129,2.974585348201533,100.0
212,2880.0,56.0,12.49,3.21,0.098699137,0.14567135,24,12,32.59454435678399,19.3334866990863,20.91942879000725,3.5269157754739315,2.4163087554375653,2.974585348201533,100.0
213,2880.0,57.0,3.34,7.14,1.6913006,-0.59260713,10,7,23.375329580295592,12.193367666754236,10.965897974539306,11.87221582356202,6.82589467703329,2.974585348201533,100.0
214,2910.0,50.0,2.15,8.75,-1.6674923,0.68229117,17,9,22.3366160107302,12.321042642377543,9.24439530331508,13.34483590059881,4.822729046476208,3.775919327729565,100.0
215,2910.0,51.0,7.05,8.44,0.0,0.0,3,10,27.174477432033346,16.00550863261951,14.03289502223458,8.55168174043511,7.465219031009758,3.775919327729565,100.0
216,2910.0,52.0,8.09,8.84,0.0,0.0,1,11,28.2505882800764,17.102903901319518,14.958923484715845,7.738659394998417,6.610305581863235,3.775919327729565,100.0
217,2910.0,53.0,10.83,6.8,1.9016675,0.076973348,10,12,30.8402117607212,18.67211744148504,18.10528254568473,4.455169261547602,3.424458767857045,3.775919327729565,0.5514831244787188
218,2910.0,54.0,10.84,6.25,1.9439763,-0.055919938,12,12,30.84470713107241,18.495972613041,18.2828979908938,4.318978260311227,3.381618119073354,3.775919327729565,0.5514831244787188
219,2910.0,55.0,7.44,4.48,1.6682785,0.15872206,7,8,27.47427434993334,14.709739883787512,15.823210662361564,7.743023976848921,6.788284419948441,3.775919327729565,100.0
220,2910.0,56.0,12.79,3.47,-0.0016152245,-0.04866516,24,13,32.88044917496171,19.681762816525325,21.091232397828897,3.118423440482668,2.00849552599956,3.775919327729565,100.0
221,2910.0,57.0,6.48,6.11,1.6882758,-0.29546851,0,8,26.48603824058917,14.405432501050347,14.253746094446852,8.639646586649944,7.741132301141277,3.775919327729565,100.0
222,2910.0,58.0,12.56,5.46,-1.9011508,-0.59691588,18,13,32.56626672549755,19.89882873277029,20.164706569883226,2.545598214337652,1.7463080487328375,3.775919327729565,100.0
223,2940.0,51.0,7.05,8.44,0.0,0.0,3,10,27.174477432033346,16.00550863261951,14.03289502223458,8.55168174043511,7.465219031009758,5.086962250433995,100.0
224,2940.0,52.0,8.09,8.84,0.0,0.0,1,11,28.2505882800764,17.102903901319518,14.958923484715845,7.738659394998417,6.610305581863235,5.086962250433995,100.0
225,2940.0,55.0,11.25,4.85,1.9035789,0.46817739,16,12,31.26855892386431,18.472444626186785,19.141035365005283,3.921085895525561,2.964035935523616,5.086962250433995,100.0
226,2940.0,56.0,12.78,3.08,0.0,0.0,25,13,32.89809584986006,19.6052197675424,21.23758957525429,3.4010505673955937,2.3084451393226213,5.086962250433995,100.0
227,2940.0,57.0,10.46,6.39,1.9266763,0.088887863,10,12,30.460673967769413,18.1807002288006,17.872343850914294,4.723062825588878,3.766052304652445,5.086962250433995,100.0
228,2940.0,58.0,8.67,5.43,-1.9688643,0.084974958,8,10,28.675782227387028,16.178576044251134,16.532214112595938,6.435948810737137,5.569452229008783,5.086962250433995,100.0
229,2970.0,51.0,7.05,8.44,0.0,0.0,3,10,27.174477432033346,16.00550863261951,14.03289502223458,8.55168174043511,7.465219031009758,4.628510474312859,100.0
230,2970.0,52.0,8.09,8.84,0.0,0.0,1,11,28.2505882800764,17.102903901319518,14.958923484715845,7.738659394998417,6.610305581863235,4.628510474312859,100.0
231,2970.0,56.0,12.78,3.08,0.0,0.0,25,13,32.89809584986006,19.6052197675424,21.23758957525429,3.4010505673955937,2.3084451393226213,4.628510474312859,100.0
232,2970.0,58.0,4.74,5.64,-1.9572075,0.084471855,2,7,24.74386027292109,12.630670277305189,12.899998115148684,10.3645208272907,8.33929757801649,4.628510474312859,100.0
233,3000.0,51.0,7.05,8.44,0.0,0.0,3,10,27.174477432033346,16.00550863261951,14.03289502223458,8.55168174043511,7.465219031009758,7.958656659172918,100.0
234,3000.0,52.0,8.09,8.84,0.0,0.0,1,11,28.2505882800764,17.102903901319518,14.958923484715845,7.738659394998417,6.610305581863235,7.958656659172918,100.0
235,3000.0,56.0,12.82,3.24,0.04801492,0.04813617,25,13,32.927515823465434,19.67151990984754,21.21235833873797,3.259496947689642,2.161218659331156,7.958656659172918,100.0
236,3000.0,58.0,0.81,5.63,-1.9809652,-0.032077704,12,5,20.809443351355977,9.257753778438955,9.649873091446544,14.299100903710446,6.428261533152464,7.958656659172918,100.0
237,3030.0,51.0,7.02,7.91,0.15596798,-0.1146228,2,10,27.09971830132292,15.708436455287591,14.14386418057292,8.416579682928829,7.363955172990514,9.885374976158351,100.0
238,3030.0,52.0,8.09,8.84,0.0,0.0,1,11,28.2505882800764,17.102903901319518,14.958923484715845,7.738659394998417,6.610305581863235,9.885374976158351,100.0
239,3030.0,56.0,12.82,3.2,-0.003221344,-0.097461191,25,13,32.92935210481343,19.66399572259953,21.227065455486787,3.288316896048008,2.1919895286724422,9.885374976158351,100.0
240,3030.0,59.0,0.89,2.07,1.4755874,0.81242663,3,2,21.230673094721308,7.742545054109622,12.308521705091032,14.642187635822456,3.1480721515417183,9.885374976158351,0.5335917776801122
241,3030.0,60.0,0.72,2.57,1.4600639,0.57168371,4,2,20.981768604433487,7.731245902786225,11.80546734080374,14.692094842918236,3.51192254779574,9.885374976158351,0.5335917776801122
242,3060.0,51.0,6.77,8.09,-0.41415342,0.34007498,3,10,26.86522280084946,15.586201552776728,13.85294079648626,8.708322578082592,7.647883141065647,7.189402354266059,100.0
243,3060.0,52.0,8.09,8.84,0.0,0.0,1,11,28.2505882800764,17.102903901319518,14.958923484715845,7.738659394998417,6.610305581863235,7.189402354266059,100.0
244,3060.0,56.0,12.82,3.01,-0.27941179,0.0027416715,25,13,32.9392323359284,19.627461611510277,21.301584028652155,3.435563605216012,2.3496527869701107,7.189402354266059,100.0
245,3060.0,59.0,3.82,3.05,1.2167806,0.37626107,2,4,23.98940999474504,10.834163712167298,13.619416710904405,11.559532431243024,5.883116368304485,7.189402354266059,0.4903540621925449
246,3060.0,60.0,3.76,3.54,1.5117943,0.36208154,0,5,23.874970239223583,10.91861134791436,13.260875390087756,11.525258039371089,6.149622919598815,7.189402354266059,0.4903540621925449
247,3090.0,51.0,6.77,8.13,0.0058035152,0.10261294,3,10,26.870978428378617,15.6093607647591,13.844035125915424,8.71808517581087,7.655014075348369,5.241577231800399,100.0
248,3090.0,52.0,8.05,8.8,0.0,0.0,1,11,28.20321956048895,17.046626827152153,14.923497501249232,7.763122110841046,6.637442111890882,5.241577231800399,100.0
249,3090.0,56.0,12.59,3.01,0.0,0.0,25,12,32.71635553551073,19.406815714983203,21.09759680945205,3.58695927823571,2.48768823701688,5.241577231800399,100.0
250,3090.0,59.0,6.83,3.7,1.5538974,0.3411694,8,7,26.91888516491337,13.906149251873254,15.682121680995948,8.482394653330685,7.479248314934021,5.241577231800399,0.5313417156641951
251,3090.0,60.0,6.69,4.21,1.5578479,0.33012145,6,7,26.73586977837213,13.907647223280495,15.294781755247705,8.530249498902254,7.561614230040695,5.241577231800399,0.5313417156641951
252,3120.0,51.0,6.41,8.7,-0.26323559,0.17679913,6,10,26.5660731108903,15.607182149059827,13.35150431246537,9.239421914526526,8.127208971470072,1.2645963128084463,100.0
253,3120.0,52.0,8.05,8.8,0.0,0.0,1,11,28.20321956048895,17.046626827152153,14.923497501249232,7.763122110841046,6.637442111890882,1.2645963128084463,100.0
254,3120.0,56.0,12.59,3.01,0.0,0.0,25,12,32.71635553551073,19.406815714983203,21.09759680945205,3.58695927823571,2.48768823701688,1.2645963128084463,100.0
255,3120.0,59.0,9.93,4.33,1.6241133,0.35730369,14,10,29.96823983377953,17.061590646028872,18.1255596197431,5.322848422966745,4.323191043493405,1.2645963128084463,0.5080666117125194
256,3120.0,60.0,9.79,4.82,1.6281768,0.34574211,13,10,29.808006555390676,17.056306021307353,17.799820250971422,5.369231734115323,4.426616557440583,1.2645963128084463,0.5080666117125194
257,3120.0,61.0,11.19,4.22,-1.2426901,-0.70994829,18,11,31.231875285136116,18.257312416149567,19.323127183999688,4.144031456850955,3.101736438907948,1.2645963128084463,100.0
258,3120.0,62.0,11.08,6.27,-1.6541577,-0.20156466,12,12,31.07924924407806,18.72557203608817,18.49796296023331,4.092309974345315,3.146711899765545,1.2645963128084463,100.0
259,3150.0,51.0,6.4,8.49,0.0,0.0,5,10,26.533012575554565,15.484426658327957,13.390289151813043,9.183130884169309,8.105141477790893,4.369311217709396,100.0
260,3150.0,52.0,8.05,8.8,0.0,0.0,1,11,28.20321956048895,17.046626827152153,14.923497501249232,7.763122110841046,6.637442111890882,4.369311217709396,100.0
261,3150.0,56.0,12.52,3.01,0.0016740755,0.049005883,25,12,32.64174224254318,19.3329621271028,21.02939420700157,3.639305004765064,2.5366247854584425,4.369311217709396,100.0
262,3150.0,61.0,8.21,3.76,-1.4225043,0.079191032,11,9,28.29062632182821,15.256592762503926,16.847939171837535,7.12748453475854,6.109582186471116,4.369311217709396,100.0
263,3150.0,62.0,7.95,5.34,-1.5572403,-0.39798055,6,9,27.959487331165505,15.4711122779919,15.911350657790775,7.156111760537879,6.277129407482762,4.369311217709396,100.0
264,3180.0,51.0,6.4,8.49,0.0,0.0,5,10,26.533012575554565,15.484426658327957,13.390289151813043,9.183130884169309,8.105141477790893,3.8423884355146662,100.0
265,3180.0,52.0,8.05,8.8,0.0,0.0,1,11,28.20321956048895,17.046626827152153,14.923497501249232,7.763122110841046,6.637442111890882,3.8423884355146662,100.0
266,3180.0,61.0,5.26,3.6,-1.5632285,-0.29830946,4,6,25.359459263985904,12.36494070911839,14.419721146787229,10.04265614563797,7.363537598005221,3.8423884355146662,100.0
267,3180.0,62.0,4.87,4.73,-1.5295247,-0.49163581,0,6,24.895315837925203,12.373858038292784,13.47025202144042,10.2711473931777,7.774842939573403,3.8423884355146662,100.0
268,3180.0,63.0,9.49,6.2,-1.5378697,-0.42095279,8,11,29.49072744921525,17.20999156586013,17.015052011124247,5.654318669013228,4.735904915544677,3.8423884355146662,100.0
269,3210.0,51.0,6.4,8.49,0.0,0.0,5,10,26.533012575554565,15.484426658327957,13.390289151813043,9.183130884169309,8.105141477790893,3.309072549648649,100.0
270,3210.0,52.0,7.96,8.77,-0.002622056,-0.050247397,2,11,28.114604206137724,16.95624291715558,14.846494442089748,7.827608109449044,6.705328926133519,3.309072549648649,100.0
271,3210.0,61.0,2.47,3.11,-1.4511088,-0.49203703,1,3,22.64179958083793,9.561392308728871,12.580482162018589,12.869815370998454,4.938139161205277,3.309072549648649,100.0
272,3210.0,62.0,1.88,3.84,-1.4708118,-0.48021389,5,4,21.976212179308067,9.27458402308979,11.649258938547275,13.336611599774548,5.176870552541588,3.309072549648649,100.0
273,3210.0,63.0,6.56,5.18,-1.5538321,-0.25623773,3,8,26.57256843559692,14.115334365719333,14.723312626693616,8.551588199697202,7.657487847938374,3.309072549648649,100.0
274,3240.0,51.0,6.4,8.49,0.0,0.0,5,10,26.533012575554565,15.484426658327957,13.390289151813043,9.183130884169309,8.105141477790893,4.898423223968244,100.0
275,3240.0,52.0,7.96,8.77,0.0,0.0,2,11,28.114604206137724,16.95624291715558,14.846494442089748,7.827608109449044,6.705328926133519,4.898423223968244,100.0
276,3240.0,61.0,-0.48,1.97,-1.3212116,-0.76908195,6,2,19.908570484613048,6.404128968807855,11.618186128141732,15.992300960451658,2.58205997027967,4.898423223968244,100.0
277,3240.0,62.0,-1.05,2.77,-1.2719468,-0.75874827,10,2,19.200977145025043,6.16401252950098,10.637098496842771,16.397279544829967,3.371057221289764,4.898423223968244,100.0
278,3240.0,63.0,3.68,4.42,-1.465762,-0.56416075,1,5,23.722006472673,11.15313745028906,12.657614431597873,11.486240722132305,6.717817799445639,4.898423223968244,100.0
279,3660.0,64.0,5.96,4.02,-1.3754048,-0.50333146,5,7,26.028463979378227,13.160381267183482,14.777140255317544,9.274330899781388,8.179702457353056,8.383438609809698,100.0
280,3660.0,65.0,3.16,7.37,-1.198821,0.022452534,11,8,23.21385910696697,12.186342977372208,10.709915724902649,12.07817985458837,6.53799404990688,8.383438609809698,0.9628022150450832
281,3660.0,66.0,3.09,8.33,-1.1595617,-0.29246813,13,8,23.22015845078765,12.72651469417727,10.271851552782444,12.332764555708296,5.739141142384304,8.383438609809698,0.9628022150450832
282,3660.0,67.0,0.4,8.89,-1.2156744,0.82519378,22,8,20.62724359811981,11.261544866354551,7.566914928761718,15.07638055692678,3.916305209473795,8.383438609809698,100.0
283,3660.0,68.0,-1.28,0.68,1.6397197,0.98722325,5,1,19.42277316276406,5.3459945412181735,12.368814457210211,17.09971289488167,1.3649412858760168,8.383438609809698,100.0
284,3690.0,64.0,2.74,3.33,-1.7265799,-0.25813438,1,4,22.87528641653753,9.879945543618794,12.618268438396775,12.572569017299282,5.276901864012991,0.0,100.0
285,3690.0,68.0,2.06,2.16,1.7083078,0.40352932,0,2,22.36690660548168,8.899718735032163,12.97842484028185,13.484851444783583,3.96597502877711,0.0,100.0
286,3720.0,64.0,-0.16,2.53,-1.2818048,-0.40497041,7,2,20.11222769737036,6.881208729236733,11.315808887660506,15.57122624860767,3.1863122032722027,0.0,100.0
287,3720.0,68.0,5.69,3.21,1.6217941,0.57167492,6,6,25.82650008523703,12.675345078917992,14.999367003742623,9.708446326352224,7.514871791213008,0.0,100.0
288,3750.0,68.0,9.04,4.48,1.7251238,0.510072,12,10,29.07321808511923,16.241933195844098,17.257486846900882,6.163202878919716,5.191966115040128,0.0,100.0
